<annotation>
	<folder>my-project-name</folder>
	<filename>image_Convert_data.jpg</filename>
	<path>/my-project-name/image_Convert_data.jpg</path>
	<source>
		<database>Unspecified</database>
	</source>
	<size>
		<width>600</width>
		<height>501</height>
		<depth>3</depth>
	</size>
	<object>
		<name>aA</name>
		<pose>Unspecified</pose>
		<truncated>0</truncated>
		<difficult>0</difficult>
		<bndbox>
			<xmin>120</xmin>
			<ymin>90</ymin>
			<xmax>189</xmax>
			<ymax>204</ymax>
		</bndbox>
	</object>
	<object>
		<name>aA</name>
		<pose>Unspecified</pose>
		<truncated>0</truncated>
		<difficult>0</difficult>
		<bndbox>
			<xmin>203</xmin>
			<ymin>88</ymin>
			<xmax>273</xmax>
			<ymax>203</ymax>
		</bndbox>
	</object>
	<object>
		<name>aA</name>
		<pose>Unspecified</pose>
		<truncated>0</truncated>
		<difficult>0</difficult>
		<bndbox>
			<xmin>288</xmin>
			<ymin>87</ymin>
			<xmax>360</xmax>
			<ymax>200</ymax>
		</bndbox>
	</object>
	<object>
		<name>aA</name>
		<pose>Unspecified</pose>
		<truncated>0</truncated>
		<difficult>0</difficult>
		<bndbox>
			<xmin>372</xmin>
			<ymin>85</ymin>
			<xmax>445</xmax>
			<ymax>198</ymax>
		</bndbox>
	</object>
	<object>
		<name>aA</name>
		<pose>Unspecified</pose>
		<truncated>0</truncated>
		<difficult>0</difficult>
		<bndbox>
			<xmin>458</xmin>
			<ymin>83</ymin>
			<xmax>528</xmax>
			<ymax>199</ymax>
		</bndbox>
	</object>
	<object>
		<name>aA</name>
		<pose>Unspecified</pose>
		<truncated>0</truncated>
		<difficult>0</difficult>
		<bndbox>
			<xmin>124</xmin>
			<ymin>215</ymin>
			<xmax>190</xmax>
			<ymax>329</ymax>
		</bndbox>
	</object>
	<object>
		<name>aA</name>
		<pose>Unspecified</pose>
		<truncated>0</truncated>
		<difficult>0</difficult>
		<bndbox>
			<xmin>205</xmin>
			<ymin>214</ymin>
			<xmax>276</xmax>
			<ymax>329</ymax>
		</bndbox>
	</object>
	<object>
		<name>aA</name>
		<pose>Unspecified</pose>
		<truncated>0</truncated>
		<difficult>0</difficult>
		<bndbox>
			<xmin>290</xmin>
			<ymin>213</ymin>
			<xmax>362</xmax>
			<ymax>328</ymax>
		</bndbox>
	</object>
	<object>
		<name>aA</name>
		<pose>Unspecified</pose>
		<truncated>0</truncated>
		<difficult>0</difficult>
		<bndbox>
			<xmin>376</xmin>
			<ymin>213</ymin>
			<xmax>447</xmax>
			<ymax>329</ymax>
		</bndbox>
	</object>
	<object>
		<name>aA</name>
		<pose>Unspecified</pose>
		<truncated>0</truncated>
		<difficult>0</difficult>
		<bndbox>
			<xmin>460</xmin>
			<ymin>210</ymin>
			<xmax>531</xmax>
			<ymax>329</ymax>
		</bndbox>
	</object>
	<object>
		<name>aA</name>
		<pose>Unspecified</pose>
		<truncated>0</truncated>
		<difficult>0</difficult>
		<bndbox>
			<xmin>125</xmin>
			<ymin>367</ymin>
			<xmax>195</xmax>
			<ymax>477</ymax>
		</bndbox>
	</object>
	<object>
		<name>aA</name>
		<pose>Unspecified</pose>
		<truncated>0</truncated>
		<difficult>0</difficult>
		<bndbox>
			<xmin>209</xmin>
			<ymin>368</ymin>
			<xmax>279</xmax>
			<ymax>480</ymax>
		</bndbox>
	</object>
	<object>
		<name>aA</name>
		<pose>Unspecified</pose>
		<truncated>0</truncated>
		<difficult>0</difficult>
		<bndbox>
			<xmin>293</xmin>
			<ymin>366</ymin>
			<xmax>363</xmax>
			<ymax>479</ymax>
		</bndbox>
	</object>
	<object>
		<name>aA</name>
		<pose>Unspecified</pose>
		<truncated>0</truncated>
		<difficult>0</difficult>
		<bndbox>
			<xmin>376</xmin>
			<ymin>366</ymin>
			<xmax>447</xmax>
			<ymax>480</ymax>
		</bndbox>
	</object>
	<object>
		<name>aA</name>
		<pose>Unspecified</pose>
		<truncated>0</truncated>
		<difficult>0</difficult>
		<bndbox>
			<xmin>460</xmin>
			<ymin>361</ymin>
			<xmax>530</xmax>
			<ymax>476</ymax>
		</bndbox>
	</object>
</annotation>